part_mark,quantity,element_type,profile,steel_grade,length_mm,weight_kg_each,weight_kg_total,holes_count,hole_diam_mm,drilling_time_min,weld_equiv_a5_m,welding_time_min,surface_area_m2,surface_treatment,cutting_type,cutting_time_min,material_cost_eur,labour_cost_eur,surface_cost_eur,total_cost_eur,unit_cost_eur_per_kg,recycled_content_pct,carbon_kgCO2e,source_file,confidence_pct,assumptions,engineer_verified
D59,12,angle_bracing,L70*7,S355J2,640,6.4,76.8,0,n/a,0.0,0.077,7.9,1.536,C2M,saw_cut,36.0,91.85,172.2,28.42,292.47,3.808,80,49.92,D59.nc1,97,weld size assumed a5 std; no holes detected in NC1; surface treatment assumed C2M (project default); EXC class 2 per project spec,FALSE
D60,6,angle_bracing,L70*7,S355J2,120,1.2,7.2,0,n/a,0.0,0.014,0.7,0.144,C2M,saw_cut,18.0,8.61,83.15,2.66,94.42,13.114,80,4.68,D60.nc1,97,weld size assumed a5 std; no holes detected in NC1; surface treatment assumed C2M (project default); EXC class 2 per project spec,FALSE
D61,6,angle_bracing,L70*7,S355J2,120,1.2,7.2,0,n/a,0.0,0.014,0.7,0.144,C2M,saw_cut,18.0,8.61,83.15,2.66,94.42,13.114,80,4.68,D61.nc1,97,weld size assumed a5 std; no holes detected in NC1; surface treatment assumed C2M (project default); EXC class 2 per project spec,FALSE
I4,564,rebar_reinforcement,REBAR8,B550B,149,0.06,33.84,2,20,2820.0,0.018,86.3,2.256,C2M,saw_cut,1692.0,33.43,10419.1,41.74,10494.27,310.114,80,22.0,I4.nc1,97,weld size assumed a5 std; surface treatment assumed C2M (project default); EXC class 2 per project spec,FALSE
W1,4,hollow_section_bracing,RHS100X100X6,S355J2H,215,3.65,14.6,0,n/a,0.0,0.026,0.9,0.344,C2M,saw_cut,12.0,18.22,55.81,6.36,80.39,5.506,40,9.49,W1.nc1,97,weld size assumed a5 std; no holes detected in NC1; surface treatment assumed C2M (project default); EXC class 2 per project spec,FALSE
d44,2,column_hot_rolled,HEA120,S355J2,2150,21.5,43.0,0,n/a,0.0,0.258,4.4,0.86,C2M,saw_cut,6.0,51.43,31.52,15.91,98.86,2.299,80,27.95,d44.nc1,97,weld size assumed a5 std; no holes detected in NC1; surface treatment assumed C2M (project default); EXC class 2 per project spec,FALSE
d45,4,angle_bracing,L45*5,S355J2,1190,4.02,16.08,0,n/a,0.0,0.143,4.9,0.904,C2M,saw_cut,12.0,19.23,59.46,16.72,95.41,5.933,80,10.45,d45.nc1,97,weld size assumed a5 std; no holes detected in NC1; surface treatment assumed C2M (project default); EXC class 2 per project spec,FALSE
d46,4,angle_bracing,L45*5,S355J2,4250,14.37,57.48,0,n/a,0.0,0.51,17.3,3.228,C2M,saw_cut,12.0,68.75,70.9,59.72,199.37,3.469,80,37.36,d46.nc1,97,weld size assumed a5 std; no holes detected in NC1; surface treatment assumed C2M (project default); EXC class 2 per project spec,FALSE
d47,4,angle_bracing,L45*5,S355J2,1320,4.46,17.84,0,n/a,0.0,0.158,5.4,1.004,C2M,saw_cut,12.0,21.34,59.92,18.57,99.83,5.596,80,11.6,d47.nc1,97,weld size assumed a5 std; no holes detected in NC1; surface treatment assumed C2M (project default); EXC class 2 per project spec,FALSE
d48,4,angle_bracing,L45*5,S355J2,2350,7.94,31.76,0,n/a,0.0,0.282,9.6,1.788,C2M,saw_cut,12.0,37.98,63.79,33.08,134.85,4.246,80,20.64,d48.nc1,97,weld size assumed a5 std; no holes detected in NC1; surface treatment assumed C2M (project default); EXC class 2 per project spec,FALSE
d49,4,angle_bracing,L70*7,S355J2,640,6.4,25.6,0,n/a,0.0,0.077,2.6,0.512,C2M,saw_cut,12.0,30.62,57.4,9.47,97.49,3.808,80,16.64,d49.nc1,97,weld size assumed a5 std; no holes detected in NC1; surface treatment assumed C2M (project default); EXC class 2 per project spec,FALSE
d50,4,angle_bracing,L70*7,S355J2,1240,12.4,49.6,0,n/a,0.0,0.149,5.1,0.992,C2M,saw_cut,12.0,59.32,59.64,18.35,137.31,2.768,80,32.24,d50.nc1,97,weld size assumed a5 std; no holes detected in NC1; surface treatment assumed C2M (project default); EXC class 2 per project spec,FALSE
